Mode,Immigrant_in_Hex,LIncome_in_Hex,Pop_in_Hex,VM_in_Hex
transit_weekday,24.36769147,22.53212048,23.16771538,25.19917455
transit_weekend,24.66182634,22.79700891,23.4055216,25.50468742
walk,37.49687019,33.53862588,34.37193596,39.7763572
